customer_id,first_name,last_name,address
313065,Norma,Garcia,"7668 Ashley Shore, Grahamborough, IL 16534"
112155,Douglas,Tran,"Unit 3643 Box 4475, DPO AP 99541"
282193,Elizabeth,Rocha,"1946 Grant Throughway Apt. 921, Port Christopher, SC 43862"
469487,Laura,Lewis,"27001 Conley Manors, Bowenshire, MT 41977"
748903,Nicholas,Ford,"6415 Jones Lakes, North Lisa, NJ 84754"
173006,Casey,Stafford,"76042 Alicia Estate, Port Cynthiafort, MA 42563"
961225,Matthew,Taylor,"2026 Wilkins Glen, Woodmouth, HI 84101"
758604,Jessica,Brown,"7585 Blake Branch, Reedbury, IA 25191"
943435,Tanner,Mercado,"979 Williams Gateway Apt. 250, Williamton, CO 20021"
101258,Ryan,Torres,"8101 Smith Hill Apt. 668, Jamesmouth, MN 46573"
390135,Lisa,Garcia,"PSC 5467, Box 4814, APO AE 64457"
247661,Sean,Johnson,"41794 Jacob Mews, Michaelside, NJ 28687"
266828,Tyler,Galvan,"459 Denise Corner, Marychester, AL 72208"
428131,Nancy,Ball,"698 Ruben Cove Suite 544, Knightborough, CO 87902"
478661,Jason,Price,"Unit 7304 Box 2429, DPO AP 03034"
401815,Jennifer,Gordon,"4662 Anderson Mews, Danaton, NE 04280"
881202,Ryan,Mcfarland,"17517 Sarah Views Suite 749, Deckerstad, MS 45769"
253726,Kevin,Vargas,"PSC 0121, Box 8723, APO AE 76309"
759065,Austin,Oliver,"332 Susan Fords Suite 334, Monteston, OK 77116"
963556,Sarah,Stewart,"46880 Mark Mountains Suite 011, Gonzalezberg, SD 48715"
125009,Lori,Kennedy,"2565 Griffin Vista, West Johnborough, MO 07515"
968428,James,Archer,"180 Jamie Islands Apt. 794, Rebeccaport, FL 86811"
823813,Cynthia,Warren,"179 Todd Via, Carlfurt, WV 84276"
399242,Charles,Wolf,"0614 Turner Lodge Apt. 603, Johnsonmouth, WA 04906"
114169,John,Ball,"5999 Rebecca Fort, South William, NY 90920"
765841,William,Phillips,"7896 Tony Skyway, Solistown, HI 80383"
469362,Brandi,Smith,"001 John Lake Suite 088, Mindyhaven, NJ 17106"
420183,Jennifer,Cruz,"1343 Julie Ports, Robertbury, WI 55362"
163114,Mary,Davis,"Unit 0524 Box 7962, DPO AA 56650"
186089,Jessica,Blevins,"977 Jason Station Apt. 879, Carolyntown, MO 06258"
931506,Jeff,Jones,"336 Jones Spur, Lake Justinborough, NH 92052"
479098,Mark,Rose,"657 Lewis Field, Devonhaven, NM 20715"
647218,Daniel,Horton,"6952 Jacqueline Street, Maldonadobury, LA 49707"
444584,Jeffrey,Duncan,"1301 Ruiz Crescent Apt. 339, Murphystad, OK 01875"
580902,Michelle,Jones,"18497 Daniel Village Apt. 977, South Monica, MT 77183"
190079,Morgan,Roth,"24783 Goodman Neck Apt. 976, Olsonberg, SC 23603"
118646,Kimberly,Norman,"656 Allison Knoll Apt. 843, South Danielmouth, AK 17025"
709094,Gary,Hart,"041 Thompson Row, Hancockport, PA 01266"
509574,Madison,Oconnor,"77583 Castaneda Stravenue, Lake Valerieberg, TN 77020"
823697,Aaron,Rubio,"1545 Gibson Expressway, Hamiltonville, KY 99009"
703534,James,Anderson,"32695 Chris Knolls Suite 060, Lake Jason, NJ 58286"
863783,Sean,Davis,"77168 Jerry Stravenue Suite 666, Stevenport, GA 04227"
416649,Javier,Hancock,"27263 Edwards Glen Suite 347, Ericaborough, NM 60590"
102464,Linda,Ward,"8436 Traci Greens Suite 081, South Lindabury, KY 53257"
920349,Emma,Garcia,"024 Harding Mission, Reidville, UT 98624"
873399,Jessica,White,"7846 Jordan Knolls Suite 074, Port Abigailshire, ND 17743"
100538,Veronica,Ballard,"256 Arthur Coves Suite 893, New Jessica, IN 15830"
974952,Eric,Moreno,"249 Lisa Parkways, Jessicafurt, NV 30485"
717944,Melissa,Thomas,"0942 Dean Village, Contrerasmouth, MA 18768"
693976,Martin,White,"9486 Barker Throughway, Smithville, SC 18857"
179697,Kristin,Miller,"0909 Stevens View Apt. 915, Danamouth, AL 92258"
563796,Robert,Davis,"PSC 2405, Box 3658, APO AP 10511"
478921,David,White,"826 Fuentes Vista Suite 052, Amyside, OR 36712"
836931,Jesus,Jones,"2988 Lopez Highway, Santosburgh, SD 71063"
458146,Joseph,Richardson,"05938 Conley Creek, North Michaelland, NV 93612"
607212,Bryan,Patterson,"Unit 5852 Box 4042, DPO AP 96440"
611742,Rodney,Robinson,"76174 Stephanie Club, North Jennifer, AR 49765"
576589,Timothy,Collins,"513 Monica Station, Garzaborough, OH 61896"
974162,Danielle,Woods,"49828 Gray Cove Apt. 555, East Samuel, CO 34910"
925062,Austin,Mills,"68748 Anthony Locks Suite 776, Cooperfurt, LA 41701"
812718,Colleen,Brooks,"33931 Todd Fields Apt. 611, Dunnmouth, HI 33101"
723298,Daniel,Arellano,"99410 Burke Rapid Apt. 023, Johnsonville, MO 54417"
403272,Deborah,Santana,"62332 Brandon Divide Apt. 502, South Katie, AR 61768"
689599,William,Cox,"0286 Michelle Underpass, Loganmouth, AR 37002"
456690,Michael,Johnson,"947 Bell Port, Ericfort, MT 26681"
280236,David,Holloway,"560 Simmons Ranch Apt. 100, East Carolyn, AK 41711"
318633,Tami,Williams,"574 David Freeway Apt. 923, Port Brianmouth, UT 03541"
815057,Nancy,Thompson,"901 Richard Falls Suite 469, East Elizabethbury, VA 76302"
124150,Thomas,Thompson,"44741 Mccarty Port Suite 930, Matthewchester, DC 62044"
540480,Robert,Mendoza,"565 Taylor Wells, Alicialand, DC 94599"
411615,Julie,Dalton,"41831 Moore Fall, South Donaldberg, KS 91972"
758246,Margaret,Edwards,"8171 Krista Trail, Lake Karenhaven, NE 68366"
908981,Erin,Vega,"391 Angela Spring Apt. 115, New Kelliview, CO 25383"
364860,Cole,Huang,"129 George Ridges Suite 928, Sanchezburgh, IA 83324"
522109,Michelle,Maldonado,"1498 Nicole Island Apt. 600, Davidhaven, IL 92072"
943206,Morgan,Turner,"2736 Acevedo Glen, North Julieside, LA 43516"
530725,Dana,Hoffman,"530 White Drives Apt. 816, Rogersburgh, DC 21572"
325553,Michael,Rivera,"3599 Mccann River Apt. 672, Port John, UT 78567"
329621,Kenneth,Davis,"14084 Luis Mission, North Deborah, HI 34028"
742480,Erika,Todd,"3687 Pamela Ferry Apt. 805, Katelynport, WY 66001"
321808,Daniel,Hill,"020 Brown Passage Suite 531, Port Josefurt, NE 77604"
854350,Steven,Farrell,"4573 Adam Mountains Apt. 964, Emmaview, CA 14689"
869879,Rachel,Vargas,"Unit 9248 Box 7991, DPO AA 19928"
734056,Eric,Brown,"4386 Gillespie Inlet, North Amyberg, NV 76726"
173658,Sarah,Gonzalez,"21514 Neal Greens Apt. 191, Montoyaside, OR 97544"
373197,Alisha,Patterson,"3974 Parks Pike, Princehaven, KS 99462"
405954,Marvin,Glenn,"PSC 8993, Box 8080, APO AA 81755"
182448,Jason,Beltran,"6850 Natalie Flat, Taylorview, DC 95510"
907586,Alexander,Giles,"14142 Ponce Skyway Apt. 223, West Joseph, MN 68804"
828347,Colleen,Fitzpatrick,"02172 Jason Mountain Apt. 057, South Bradley, FL 85316"
557128,Emily,Walters,"738 Palmer Harbors Apt. 923, Jeffreychester, MS 06144"
471303,Dustin,Wilkinson,"252 Long Village, South Karen, RI 14611"
888360,Annette,Hawkins,"4503 Jackson Crescent Suite 454, Reneeburgh, PA 95716"
270348,Dawn,Roman,"USNS Wagner, FPO AA 05321"
828512,Eric,Johnson,"801 Dylan Lodge Apt. 868, Cohenview, ME 56206"
598365,Melanie,Hicks,"148 Nicholas Course, Christopherhaven, DE 44757"
422306,Andrew,Murphy,"PSC 7777, Box 7216, APO AP 99759"
927470,Brian,Miller,"2720 Summers Roads Suite 890, East Catherinehaven, WI 17734"
763896,Natalie,Martinez,"2384 Brian Plain, Amyton, NV 30481"
790623,Mason,Olson,"73249 Samuel Lakes Suite 982, Zacharymouth, MA 01921"
