product_id,product_name,price,category,description
1,Forward Play,66.71,Books,Second all answer whether determine dog hope bring article person pretty hotel meet.
2,Pm Generation,377.41,Toys,Three detail possible start final speak vote win.
3,Imagine Wonder,402.18,Home & Kitchen,General national technology he practice dinner become chair action four.
4,Man Throw,203.24,Sports,Discover way event wind participant maintain southern cause cultural son movie kitchen.
5,How Individual,106.06,Toys,Available if seem impact over leave today student participant recently career.
6,Recent Doctor,161.95,Books,Old wish catch say happy population red town.
7,Foreign Agree,395.56,Clothing,Leader recently new stage free stuff evening oil worry minute above talk executive.
8,Behavior Music,412.43,Books,Detail product pattern record baby method interesting do two beat.
9,Different Spring,450.55,Automotive,Marriage offer realize reflect seem cover man easy impact citizen scene American answer.
10,Black Sort,19.57,Beauty,Today answer old movie create simple possible.
11,Quite Pretty,361.65,Automotive,However goal degree politics only responsibility land expect daughter senior prevent cost.
12,Although Out,58.75,Automotive,Participant rich me way visit effort together most piece detail treatment.
13,Politics Young,42.63,Home & Kitchen,You include activity cause best animal ground black world herself.
14,Everybody Kid,164.98,Clothing,One song who then member whatever.
15,Include Trial,74.36,Sports,Give course allow finish worker glass maybe reflect before front number for agreement.
16,Treatment Set,249.38,Automotive,Argue whatever scientist audience car level.
17,Laugh Attention,13.21,Books,Father site police keep behind education character line author indicate minute.
18,Thing Floor,9.53,Clothing,Yet although add option score would while firm no if radio individual mother.
19,Save Have,479.27,Books,Billion five dinner nice weight player peace they.
20,Police Music,310.29,Sports,East beat from reality television watch seven.
21,Administration Parent,417.15,Automotive,Way certainly Mrs behind walk ever movement.
22,Nice His,446.59,Toys,Scientist remember property national free total find camera.
23,Class Sea,438.92,Books,Chair nice well computer eight action deep time test.
24,Only Training,450.93,Toys,Economic remain professor late scientist down toward.
25,Message Want,372.35,Home & Kitchen,Should would at food customer possible here.
26,Far Personal,109.3,Automotive,Boy though building weight white market write color beautiful way similar by thank.
27,Safe Nation,211.29,Sports,Though town late manage serve education avoid market prepare who with sort building.
28,Resource Determine,433.61,Beauty,Scene Republican instead only animal cell.
29,Parent Certainly,237.16,Beauty,Material walk attorney rule plan lawyer sell market fish season identify.
30,Understand Side,295.41,Electronics,Note body whom make author cell purpose.
31,Throughout Practice,257.4,Automotive,Arm walk four task day include as article.
32,Realize Mention,286.5,Toys,Decide how finish too general brother part fact set ten region majority.
33,Author Rise,423.57,Electronics,Design particular according before last since game whole because before.
34,Attention Quite,325.22,Electronics,Parent stand same sport our suddenly.
35,Less Bad,382.57,Home & Kitchen,Reason church idea on me with somebody far official consumer page agree option.
36,Red Community,473.35,Books,Week according very worry increase bit industry thing adult coach surface discuss similar.
37,Smile Author,271.63,Sports,Weight little sense speech second final data.
38,Place Low,120.87,Electronics,Fight wear individual personal let letter large per mean agreement.
39,Table Admit,188.71,Clothing,Bit idea carry go ten high occur girl team bill some stay reality.
40,West Perform,388.6,Automotive,Scene professor TV mission behavior single page skin drive they or perform.
41,Pick Increase,443.32,Home & Kitchen,Third close thank possible oil require expert enter a lead.
42,Set Seven,337.2,Books,Simple security eye black visit firm also do little memory.
43,Talk Treatment,131.6,Toys,Idea theory ten yes pick number subject window bank many away.
44,Letter Spring,86.45,Sports,Support up serve firm care wife different answer.
45,Leg Ten,339.6,Beauty,National later happen national record third one at between.
46,Black Model,323.67,Books,Enter political under film international state consider face piece.
47,Husband West,282.52,Sports,Left husband floor sense wish everybody might manager city arm general.
48,Through Reveal,445.77,Clothing,Billion his measure although local them involve pattern treat return fast.
49,Suddenly Somebody,16.81,Sports,Rather kind standard baby together natural science part.
50,Yard Son,178.06,Books,Of item side tough citizen in describe how true growth myself simply.
51,Success Recent,426.24,Beauty,Process price parent reduce weight mind window.
52,Consider Head,51.27,Sports,Plant population arm purpose mind pass open who if use evidence through.
53,Kitchen Hard,162.04,Books,Serve agreement policy issue budget authority institution play but join.
54,In Affect,462.27,Books,Could discussion candidate animal address performance.
55,Draw Over,144.69,Automotive,Get property walk card idea detail begin avoid.
56,Nature Because,309.29,Electronics,During support ability fire personal money.
57,Up Risk,271.34,Toys,These fill beat many actually worry.
58,Explain Cut,183.06,Toys,Exactly range decision where parent themselves key.
59,Bring Nor,299.73,Toys,Pattern team trip someone student wonder couple somebody wide send product enough tree.
60,Position Finally,200.0,Home & Kitchen,Often answer now growth allow sport north improve standard only.
61,Right Myself,105.45,Automotive,Model artist market take case human present whose rich simple director.
62,Ground Among,240.04,Electronics,Recently space third involve focus perhaps.
63,Stage Standard,26.71,Beauty,Method send animal cell example election research nor order hot often door tree.
64,Attack Assume,270.43,Clothing,Speech may student exist whatever go visit law charge.
65,Modern Mind,469.0,Automotive,Successful whether though theory region PM blood enter explain total arrive card window.
66,Wind Surface,368.73,Toys,Make as others sure ten conference water picture enter wear hear deep.
67,Bed Bed,494.28,Clothing,Anything follow citizen necessary three would and this find together early.
68,Generation West,414.92,Electronics,Growth usually difficult trial certain scene explain daughter simple nor coach.
69,Report Animal,468.45,Sports,Although century consumer east peace sort nearly.
70,No Half,171.37,Toys,Add which medical song but I stop eight what market new quality memory.
71,Ten What,431.57,Clothing,Peace despite tonight easy catch old sister per bank.
72,Smile Number,183.09,Automotive,Sport article hotel low like woman.
73,Great While,196.33,Sports,Growth minute think certain guy teacher sister hard.
74,Play Member,214.5,Automotive,Account approach family prepare father way.
75,Person Message,298.89,Clothing,South claim window pull apply sort attack.
76,Perform Agent,132.64,Automotive,Part station music face serve tonight bring share professional who.
77,Life Painting,312.08,Automotive,Choice personal reveal last table always officer consumer if simple.
78,Expert Radio,47.99,Clothing,Writer citizen north nice fine result.
79,The Item,68.26,Toys,Writer score by only clearly agency room yet.
80,Indeed Since,100.14,Automotive,Turn special meet right live loss ask born PM.
81,Lot Keep,133.11,Automotive,Than especially air adult piece pretty successful present.
82,Huge Page,454.21,Home & Kitchen,Yeah able purpose according nor us.
83,Catch Product,131.38,Clothing,Face security camera notice street according receive offer human pull throughout brother without.
84,Term Stand,351.09,Books,Gas only notice issue hot those beautiful move.
85,Debate Professional,474.74,Electronics,Reveal news shake leg big Congress.
86,Later Take,370.24,Books,Several inside man cut word we.
87,Culture Win,468.78,Clothing,President training hit clear story skill free prepare.
88,Key Reveal,490.56,Clothing,Final sit magazine out hold long response effort nature.
89,Accept Another,476.84,Books,Fight above quite well baby above his available billion window.
90,Option Executive,384.99,Toys,Miss game former play yourself morning story sure lose.
91,Research Join,250.88,Toys,Whether car western prepare training ready.
92,Town Congress,388.09,Sports,Food term guess idea she success measure behavior bit face.
93,Single Garden,14.66,Electronics,Clearly development everybody wonder choose indicate church your some huge ready her image.
94,Item Contain,269.13,Home & Kitchen,Over system above head response reflect mention enough million test significant.
95,Nature Own,397.77,Home & Kitchen,Without end treat describe picture wind reason.
96,Point Amount,428.79,Home & Kitchen,Sense public chair physical always under occur evidence us cause imagine campaign.
97,Talk Others,494.82,Toys,Number protect card understand wish sign Democrat church president everybody that air.
98,Range Or,161.49,Sports,Military single peace necessary kitchen child everyone need car.
99,Writer North,497.15,Automotive,The seem method base government them sometimes even above fine interest.
100,Help Hit,403.58,Automotive,Just attorney sister indicate specific sign form garden behavior pretty.
