store_id,address,city,state,county
3605,7103 Mccormick Hills,South Joseph,SD,Port Robertberg County
8639,00613 Penny Shoal Apt. 573,East William,NM,Mikeport County
3637,662 Patrick Locks Suite 186,Carterbury,MA,Rebeccashire County
9333,97721 Madison Burgs,Alexchester,ND,South Michaelton County
3213,33752 Howard Shoal Apt. 491,South Cynthiamouth,NM,Reedmouth County
8219,8874 Cruz Unions,Karenville,MI,Jaclynmouth County
6536,90296 Angela Curve Apt. 768,Ericland,GA,North Julie County
1786,8909 Henson Summit Apt. 030,Lake John,FL,Brianhaven County
5141,476 Kristen Tunnel Apt. 441,Suzannetown,CA,North Russell County
1877,0773 Charles Lodge Apt. 218,Michaelton,MI,East Toniview County
7840,17918 Allen Cliff,Rojasport,IA,Jessicamouth County
1514,735 Byrd Summit,Port Alicia,PA,New Lauren County
6711,7598 Jason Burg,Heathmouth,MT,Kingchester County
3927,8198 Joan Summit,Turnertown,MS,Hallfort County
2892,3796 Zimmerman Springs Apt. 512,Banksmouth,SD,North Alexandra County
4123,9864 Nguyen Track Suite 495,Chelseamouth,IN,Ericton County
7758,3812 Allen Brooks Apt. 133,Chenview,GA,Weaverchester County
3903,55372 Nancy Plaza Apt. 967,New Ryanchester,TN,Lake Gregoryton County
2070,32120 Watson Village Apt. 426,Dunntown,UT,Martinhaven County
2939,0924 Clark Glen,South Jasmineville,OR,South Dennis County
9160,65105 Vanessa Dale,Elizabethview,OK,Reidton County
1039,8442 Beverly Mills Suite 703,Adamstown,ME,West Briannashire County
7246,1837 Dixon Centers Suite 392,South Thomasberg,CO,West Miranda County
8254,2351 Browning Pine,Port Jessebury,MS,New Stephen County
6687,32981 Mendoza Rapids Suite 646,New David,SC,Andreashire County
5762,0651 Sanchez Islands Apt. 582,Thomasport,WI,Jacksonberg County
4876,36004 Pace Valleys,North Natalie,AL,North Amandaborough County
4543,275 Tracey Landing,Padillastad,CO,West Barbara County
5535,60432 Cruz Parkway Apt. 427,Port Ericmouth,TN,Smithside County
7695,13900 Duane Loop Suite 879,Jaclynchester,WI,Michaelshire County
6791,2316 Carolyn Cape Suite 554,Goodmanton,PA,Albertmouth County
6165,934 Rebecca Circles,Kerrymouth,OH,Lake Karla County
4144,237 Jessica Plains Suite 430,South Laura,CO,South Alejandro County
4971,42736 Carter Rapid Apt. 137,Melissaborough,DC,Arnoldfort County
2850,86434 Sara Walks,Kempmouth,DE,Jeffreyside County
9266,506 Jackson Points Apt. 137,New Mark,IA,Andreaport County
8786,93295 Lydia Plains,South Robertmouth,PA,Lake Douglasstad County
6468,742 Kimberly Points,North Moniquehaven,WV,Allenchester County
6039,7452 Daniel Light Suite 733,Victorialand,IL,Port Carolynfort County
3536,564 Daisy Loop,North Brandonville,HI,New Brianview County
5388,63704 Nash Junction,Port Andrewville,OH,Josephville County
9767,736 Brandon Ways Suite 773,East Trevor,NV,South Brenda County
4201,6510 Theresa Knolls,Amberborough,MO,Lake Patrick County
5152,50321 Andrew Prairie,Port David,MA,North Arthurbury County
2299,028 Garcia Brook Suite 763,Rojasport,VT,Heatherburgh County
3423,0012 Harrington Streets,West Cassandraside,CA,East Matthewfurt County
2511,184 Jennifer Turnpike Apt. 958,New Rebeccaton,ID,New Sarah County
7809,574 Jeffrey Drive Suite 435,Garciabury,SD,North Vincentfort County
5138,09282 Hernandez Fork Suite 154,Curtismouth,VA,Robinsonland County
4420,785 Megan Mount Suite 688,North Kristin,CA,Hunterburgh County
6306,5876 Li Unions,South Barbara,WI,Port Jose County
8802,043 Christian Loaf Suite 386,North Robert,MS,North Christopher County
7045,16271 Bartlett Run Apt. 661,Brentberg,AZ,Patricktown County
7916,03770 Matthew Trail,West Ericabury,MD,West Katrinastad County
4570,655 Robert Lodge,New Olivia,PA,East Rodney County
7730,5066 Scott Estate Apt. 528,Floydville,MO,Watkinsville County
8437,632 Wilcox Islands,Robertstown,MO,Lake Karen County
1541,72170 Curtis Island Apt. 662,North Derek,CO,New Jennifer County
3228,3778 Olson Turnpike,Karaton,NH,Port Lindsay County
5945,13493 Kyle Terrace,Obrienville,FL,North Joshua County
4904,6933 James Valley Apt. 898,Lake Edwin,IN,Port Gloria County
3832,40611 Chelsea Ridge,New Jeffreyview,VA,West Russellmouth County
7939,667 Combs Ville,Nixonton,WY,Annborough County
2321,8698 Michelle Neck,Rossbury,NE,West Amberfurt County
5980,252 Steven Port,Shanechester,FL,Mooretown County
3928,5657 Joseph Freeway Apt. 463,Georgebury,WY,Port Raymond County
1198,848 Cheryl Glen,Julieport,WV,East Amy County
8565,03479 Dean Isle,Jessicaburgh,NH,North Tracyburgh County
4172,046 Carlos Street,Lake Kyle,DE,West Jillshire County
6962,7027 Gallagher Glens,North Kerrymouth,ME,Hernandeztown County
7199,63714 Kelly Dam Suite 744,East Brian,NV,Lake Dianachester County
3487,20345 Casey Road,Andersontown,MO,New Cindyport County
6735,8618 Quinn Drive,Michaelmouth,AK,Owensfurt County
8100,495 Stephanie Mountain,Lake Deanna,PA,New Danaburgh County
9201,18765 Leonard Path,Olsontown,NJ,Abbottton County
9949,9314 Gary Glens Suite 218,Petersonfort,MO,Reynoldsville County
6149,4339 Daniels Lights Suite 276,Hallfurt,AL,Loganfort County
9956,13472 Kathryn Path,Berryview,NM,South Mariahburgh County
9496,534 Michelle Square,North Kyle,DE,West Lisa County
1583,774 Patrick Turnpike Suite 454,North Shane,IN,Jorgemouth County
9072,88631 Donaldson Knoll Suite 374,Rodriguezhaven,MO,Lake Aaron County
5442,7236 Gonzalez Shore,Kristinetown,VT,Port Ronald County
9340,355 Perez Crest,Davidview,KY,Duncanfort County
2173,718 Taylor Camp Suite 175,Lake Jeremytown,IA,Laurieside County
6857,686 Sarah Roads Apt. 804,Wallsmouth,RI,Moorechester County
9605,98807 Terry Island,New Leah,AZ,West Shane County
1204,0757 Chen Mission,South Victoria,AZ,Lake Maryport County
4195,502 Johnson Unions Suite 060,Fosterton,NM,West Brandibury County
9455,11995 Jason Course,New Patriciatown,IA,North Donna County
3668,5896 Chelsea Prairie Suite 001,Port Anthony,IL,North Marie County
2296,40921 Paul Vista,Lake Ebonymouth,PA,Port Austinhaven County
3918,20408 Brittany Fort Suite 343,Port Alejandrostad,MO,Lake Donna County
2277,11895 Shawn Locks,North Maryhaven,MO,New Brandon County
6899,315 Velazquez Spur Suite 482,West Douglasstad,IL,Blairshire County
5397,3041 Pope Crescent Apt. 445,Barrettshire,NM,Caseyport County
2463,584 Amy Mountains Apt. 133,North Johnview,PA,New Scott County
1586,160 Massey Unions,Hollandhaven,MO,South Caitlinville County
8940,806 Jeremy Manors Apt. 522,North Patriciaside,ID,Aaronside County
1600,2207 Valerie Square,South Justinborough,IL,Moorebury County
7445,693 Rogers Inlet Suite 396,Willisburgh,MN,Donfort County
